<?xml version="1.0" encoding="UTF-8"?>
<project-private xmlns="http://www.netbeans.org/ns/project-private/1">
    <editor-bookmarks xmlns="http://www.netbeans.org/ns/editor-bookmarks/2" lastBookmarkId="0"/>
    <open-files xmlns="http://www.netbeans.org/ns/projectui-open-files/2">
        <group>
            <file>file:/C:/Users/ahmed/Documents/NetBeansProjects/project_IA/web/exam1.jsp</file>
            <file>file:/C:/Users/ahmed/Documents/NetBeansProjects/project_IA/web/make_exam.jsp</file>
            <file>file:/C:/Users/ahmed/Documents/NetBeansProjects/project_IA/web/save_exams.jsp</file>
            <file>file:/C:/Users/ahmed/Documents/NetBeansProjects/project_IA/web/examreport.jsp</file>
            <file>file:/C:/Users/ahmed/Documents/NetBeansProjects/project_IA/web/exam2.jsp</file>
            <file>file:/C:/Users/ahmed/Documents/NetBeansProjects/project_IA/web/exam3.jsp</file>
            <file>file:/C:/Users/ahmed/Documents/NetBeansProjects/project_IA/web/wholereport.jsp</file>
            <file>file:/C:/Users/ahmed/Documents/NetBeansProjects/project_IA/web/makeexam.html</file>
        </group>
    </open-files>
</project-private>
